Legajo;Nombre;Clasificación;Tipo
202;TTS VIAJES;Empresa de Viajes y Turismo;Otro
281;AGENCIA RISPOLI Y CIA;Empresa de Viajes y Turismo;Emisivo,Receptivo,Emite Pasajes (IATA)
322;TURISMO SAN RAFAEL;Agencia de Viajes y Turismo;Otro
423;AGENCIA SANTA MARÍA-SERVICIO MUNDIAL DE VIAJES;Empresa de Viajes y Turismo;Emisivo
647;FAZIO S.R.L. TURISMO;Empresa de Viajes y Turismo;Otro
692;FRANCA TOUR;Empresa de Viajes y Turismo;Otro
935;TURISMO ZAKALIK;Empresa de Viajes y Turismo;Otro
1209;EMPRESA DE TURISMO ÍTALO BUTTINI Y HNOS S.R.L.;Empresa de Viajes y Turismo;Otro
2066;TURISMO VIAJES SRL;Agencia de Viajes y Turismo;Otro
2459;ORBIS TURISMO;Empresa de Viajes y Turismo;Otro
3185;BEATRIZ M.CABRERA VIAJES Y TURISMO;Empresa de Viajes y Turismo;Otro
3392;EL ORO NEGRO;Empresa de Viajes y Turismo;Otro
4326;S.U.S DESTINOS;Empresa de Viajes y Turismo;Otro
6248;INELTUR;Empresa de Viajes y Turismo;Otro
6408;VIAJES MANDON;Empresa de Viajes y Turismo;Otro
6421;TURISMO USPALLATA;Agencia de Viajes y Turismo;Tour Operador
6421/2;TURISMO USPALLATA SUC. 2;Empresa de Viajes y Turismo;Otro
6421/3;TURISMO USPALLATA SUC.4;Empresa de Viajes y Turismo;Otro
6550;HUARPE VIAJES Y TURISMO;Empresa de Viajes y Turismo;Otro
6667;RISTOUR OPERADORES MAYORISTAS;Empresa de Viajes y Turismo;Otro
7070;TURISMO PERROTA;Empresa de Viajes y Turismo;Otro
7071;VELASCO Y ASOCIADOS;Empresa de Viajes y Turismo;Emisivo
7328;CUMBRES ANDINAS;Empresa de Viajes y Turismo;Otro
7368;LIVIGNO VIAJES;Agencia de Viajes y Turismo;Emisivo
7383;VEYMEN TURISMO;Empresa de Viajes y Turismo;Emisivo,Emite Pasajes (IATA)
7501;AGENCIA DE TURISMO HUGO O BARALE;Empresa de Viajes y Turismo;Otro
7639;AYMARÁ TURISMO;Empresa de Viajes y Turismo;Receptivo
7888;SAINT GERMAIN TOURS;Agencia de Viajes y Turismo;Receptivo
8008;JOKER VIAJES;Empresa de Viajes y Turismo;Receptivo,Mayorista
8091;ANDESMAR TURISMO;Empresa de Viajes y Turismo;Otro
8294;GIUGNO TURISMO;Empresa de Viajes y Turismo;Emisivo,Receptivo,Tour Operador
8362;ASATEJ GROUP (SUC. MZA);Empresa de Viajes y Turismo;Otro
8371;AVALLONE,JUAN MANUEL VIAJES Y TURISMO;Agencia de Viajes y Turismo;Otro
8602;EMPRETUR;Empresa de Viajes y Turismo;Emisivo,Emite Pasajes (IATA),Tour Operador,Mayorista
8866;KAREN TRAVEL;Empresa de Viajes y Turismo;Receptivo,Tour Operador
8919;I.S.C VIAJES;Empresa de Viajes y Turismo;Otro
9020;ATUEL TRAVEL;Empresa de Viajes y Turismo;Emisivo,Receptivo
9111;HUENTATA SERV. TUR.;Empresa de Viajes y Turismo;Receptivo
9111/2; HUENTATA SERV. TUR.;Empresa de Viajes y Turismo;Otro
9192;G.M.D. VIAJES Y CONGRESOS;Empresa de Viajes y Turismo;Otro
9195;WIND FIRE TRAVEL;Empresa de Viajes y Turismo;Otro
9215;TRAVEL RITZ;Empresa de Viajes y Turismo;Otro
9357;CAÑON DEL ATUEL;Empresa de Viajes y Turismo;Otro
9475;TURISMO QUIYEN;Agencia de Viajes y Turismo;Otro
9520;ARUBA VIAJES;Agencia de Viajes y Turismo;Emisivo,Receptivo
9670;AGUAS TERMALES VIAJES Y TURISMO;Agencia de Viajes y Turismo;Otro
9775;ARAMENDI Y ASOCIADOS;Empresa de Viajes y Turismo;Otro
9778;CALIRI VIAJES Y TURISMO;Empresa de Viajes y Turismo;Otro
9868;MICHELETTI VIAJES Y TURISMO;Empresa de Viajes y Turismo;Otro
9958;LA CITE;Empresa de Viajes y Turismo;Otro
10155;BRASTUR;Empresa de Viajes y Turismo;Emisivo,Mayorista
10173;BROWNIE VIAJES ;Empresa de Viajes y Turismo;Otro
10187;HOLDING VIAJES;Empresa de Viajes y Turismo;Otro
10279;TURISMO EL CRISTO;Empresa de Viajes y Turismo;Receptivo
10380;VIENTO SUR OPERADORES TURISTICOS;Empresa de Viajes y Turismo;Otro
10428;NOCERA VIAJES Y TURISMO;Empresa de Viajes y Turismo;Emisivo
10554;TAZED VIAJES;Empresa de Viajes y Turismo;Emisivo,Receptivo,Tour Operador,Mayorista
10591;SENDERO SUR ADVENTURES;Empresa de Viajes y Turismo;Otro
10608;MASCAREÑAS VIAJES Y TMO;Empresa de Viajes y Turismo;Emisivo,Receptivo
10637;ADOLFO GIORDANO NEGOCIOS TURISTICOS;Empresa de Viajes y Turismo;Otro
10647;T.T.L.TRANSPORTADORA TURISTICA LUJÁN;Empresa de Viajes y Turismo;Otro
10713;RECEPTIVO MALARGUE;Empresa de Viajes y Turismo;Otro
10721;TAIEL VIAJES;Empresa de Viajes y Turismo;Otro
10731;BYKSA TRAVEL;Empresa de Viajes y Turismo;Otro
10755;C.A.T.A. INTERNACIONAL VIAJES Y TURISMO;Empresa de Viajes y Turismo;Emisivo,Receptivo,Tour Operador,Mayorista,Otro
10760;YANDI EMPRESA DE VIAJES Y TURISMO;Empresa de Viajes y Turismo;Otro
10827;VILAV VIAJES;Empresa de Viajes y Turismo;Emisivo
10859;GRUPO SUR SERVICIOS TURISTICOS;Empresa de Viajes y Turismo;Otro
10930; THE MAP VIAJEROS;Empresa de Viajes y Turismo;Otro
11014; VIAJES FALABELLA;Empresa de Viajes y Turismo;Otro
11019;VERIS TEMPUS;Empresa de Viajes y Turismo;Otro
11109;MILLANTI VIAJES Y TURISMO;Empresa de Viajes y Turismo;Emisivo,Receptivo,Tour Operador,Mayorista
11143;HON TRAVEL;Agencia de Viajes y Turismo;Receptivo
11178;DE MARTIS TURISMO;Empresa de Viajes y Turismo;Otro
11193;INKA;Empresa de Viajes y Turismo;Receptivo
11215;BACO TOURS;Empresa de Viajes y Turismo;Otro
11270;S.T.G;Empresa de Viajes y Turismo;Otro
11486;DELFOS OPERADOR MAYORISTA;Empresa de Viajes y Turismo;Otro
11518;MAUI;Agencia de Viajes y Turismo;Otro
11581;VERÓNICA REIG TURISMO;Empresa de Viajes y Turismo;Emisivo
11677;RISCO VIAJES;Empresa de Viajes y Turismo;Otro
11749;OPERADORES MENDOZA VIAJES;Empresa de Viajes y Turismo;Emisivo,Receptivo,Tour Operador,Mayorista,Otro
11802;AIRES DE LIBERTAD;Empresa de Viajes y Turismo;Emisivo,Receptivo
11803;PATRICIA PORTA VIAJES Y TURISMO;Empresa de Viajes y Turismo;Otro
11809;ORTUBIA TRAVEL;Agencia de Viajes y Turismo;Otro
11825; TRIPS SUDAMERICANA;Empresa de Viajes y Turismo;Otro
11827;AILLANTU VIAJES Y TURISMO;Empresa de Viajes y Turismo;Otro
11884;MARTUR;Agencia de Viajes y Turismo;Emisivo,Receptivo,Emite Pasajes (IATA),Tour Operador,Mayorista,Otro
11915;PARED SUR;Empresa de Viajes y Turismo;Otro
11916;TURISMO TRASANDINO;Empresa de Viajes y Turismo;Otro
11988;CHASMA TOURS;Empresa de Viajes y Turismo;Otro
12038;VIA SANSONE TOUR ;Empresa de Viajes y Turismo;Otro
12075;TIERRAS ANDINAS;Empresa de Viajes y Turismo;Otro
12092; SOUTH TREKKING TRAVEL;Empresa de Viajes y Turismo;Receptivo,Mayorista
12109;CHOCOLATE VIAJES Y TURISMO;Empresa de Viajes y Turismo;Emisivo,Receptivo
12194;ORBE TRAVEL;Empresa de Viajes y Turismo;Emisivo,Emite Pasajes (IATA)
12228;AGAPE TOURS;Empresa de Viajes y Turismo;Otro
12402;LATINA REAL TOURS;Empresa de Viajes y Turismo;Emisivo
12592;ARE EXPEDICIONES;Empresa de Viajes y Turismo;Receptivo,Estudiantil
12657;KETEK;Empresa de Viajes y Turismo;Receptivo,Tour Operador
12664;ACONCAGUA;Empresa de Viajes y Turismo;Otro
12769;PIEDRAS Y CAMINOS;Empresa de Viajes y Turismo;Otro
12830;CONO SUR;Empresa de Viajes y Turismo;Otro
12854;IGMAR VIAJES;Empresa de Viajes y Turismo;Otro
12880;VIAJE FACIL;Empresa de Viajes y Turismo;Otro
12921;LA MOCHILERA;Empresa de Viajes y Turismo;Otro
12976;SILCAS VIAJES Y TURISMO;Empresa de Viajes y Turismo;Otro
12997;CHOIQUE TURISMO ALTERNATIVO;Empresa de Viajes y Turismo;Receptivo
13000;PRODUCTO CACHEUTA;Empresa de Viajes y Turismo;Otro
13002;MALUFA;Empresa de Viajes y Turismo;Otro
13013;GEOVIX VIAJES Y TURISMO;Empresa de Viajes y Turismo;Otro
13016;SERGIO NAVARRO;Empresa de Viajes y Turismo;Otro
13061;UNIVERSIDAD NACIONAL DE CUYO;Empresa de Viajes y Turismo;Otro
13091;MEX TRAVEL;Empresa de Viajes y Turismo;Otro
13225;CEPAS SERVICIOS TURISTICOS;Empresa de Viajes y Turismo;Otro
13231;CAMPANARIO SERVICIOS TURISTICOS;Empresa de Viajes y Turismo;Otro
13233;TURISMO WALCAMAU;Empresa de Viajes y Turismo;Otro
13258;IBARRAK;Empresa de Viajes y Turismo;Otro
13292;RUTA DEL ORO;Empresa de Viajes y Turismo;Otro
13311;KAHUAK;Agencia de Viajes y Turismo;Receptivo
13332;VINTURA;Empresa de Viajes y Turismo;Otro
13366;LOGISTIC EXPRESS;Empresa de Viajes y Turismo;Otro
13424;MALLKU EXPEDICIONES;Agencia de Viajes y Turismo;Mayorista
13511;MANA TOURS;Empresa de Viajes y Turismo;Emisivo,Receptivo,Emite Pasajes (IATA)
13518;COLLASUYO VIAJES Y TURISMO;Empresa de Viajes y Turismo;Otro
13519;GOICO.TOUR;Empresa de Viajes y Turismo;Otro
13626;ACONCAGUA EXPEDICIONES;Empresa de Viajes y Turismo;Otro
13632;CELLAR TASTING;Empresa de Viajes y Turismo;Receptivo,Tour Operador
13692;TUPUNGATO VIAJES Y TURISMO;Empresa de Viajes y Turismo;Receptivo
13730;INSTITUTO DE TURISMO EMPRESARIAL;Empresa de Viajes y Turismo;Otro
13739;AWT;Empresa de Viajes y Turismo;Otro
13861;VIA VENTO;Empresa de Viajes y Turismo;Otro
13882;INTERNACIONAL MENDOZA;Empresa de Viajes y Turismo;Otro
13892;PUNTO AR VIAJES Y TURISMO;Empresa de Viajes y Turismo;Emisivo
13896;MDZ WINE TOURS;Empresa de Viajes y Turismo;Emisivo,Receptivo,Tour Operador,Mayorista
13918;ONLINE TRAVEL;Empresa de Viajes y Turismo;Otro
13933;WOLF TRAVEL;Agencia de Viajes y Turismo;Estudiantil
13952;SUNTRIP MENDOZA;Empresa de Viajes y Turismo;Otro
13997;NITES INCOMING;Empresa de Viajes y Turismo;Mayorista
14066;ELICIRONA TRAVEL;Agencia de Viajes y Turismo;Emisivo,Otro
14085;TROUT & WINE;Empresa de Viajes y Turismo;Receptivo
14087;CUAREIM VIAJES Y TURISMO;Agencia de Viajes y Turismo;Emisivo,Mayorista
14109;MENDOSUR;Empresa de Viajes y Turismo;Otro
14131;ANDES TOUR;Empresa de Viajes y Turismo;Otro
14183;JUAN HERRERA TRAVEL SERVICE;Empresa de Viajes y Turismo;Receptivo,Otro
14199;HEAVEN AND HELL;Empresa de Viajes y Turismo;Otro
14209;SDG TRAVEL;Empresa de Viajes y Turismo;Emisivo,Receptivo
14224;AVENIDA VIAJES Y TURISMO;Empresa de Viajes y Turismo;Otro
14259;WINE ROADS;Empresa de Viajes y Turismo;Otro
14279;BLACK VALLEY;Empresa de Viajes y Turismo;Emisivo,Receptivo
14338;MALVA SERVICIOS TURISTICOS;Empresa de Viajes y Turismo;Otro
14400;VISTALBA WINE TOURS;Empresa de Viajes y Turismo;Receptivo
14406;FERNANDO GRAJALES EXPEDITIONS;Empresa de Viajes y Turismo;Otro
14431; NEW HARVEST;Empresa de Viajes y Turismo;Otro
14434;SAK WINE AND TRAVEL;Empresa de Viajes y Turismo;Receptivo
14464;ALBFER VIAJES Y TURISMO;Empresa de Viajes y Turismo;Otro
14488;TRES ELEMENTOS;Empresa de Viajes y Turismo;Otro
14538;LANKO ALTAS MONTAÑAS;Empresa de Viajes y Turismo;Receptivo
14644;CAHINHUE SERVICIOS TURISTICOS;Empresa de Viajes y Turismo;Emisivo
14656;MASNU VIAJES;Empresa de Viajes y Turismo;Emisivo
14661;NEW BLEND TRAVEL;Empresa de Viajes y Turismo;Otro
14695;PEPE CARRIZO VIAJES Y TURISMO;Empresa de Viajes y Turismo;Otro
14727;VERTIENTE VIAJES Y TURISMO;Empresa de Viajes y Turismo;Otro
14730;AMSA TOURS & TRAVEL;Empresa de Viajes y Turismo;Otro
14731;PAYUNIA;Empresa de Viajes y Turismo;Receptivo
14775;A PLENO VIAJES Y TURISMO;Empresa de Viajes y Turismo;Otro
14827; D.M.A. TOUR;Empresa de Viajes y Turismo;Otro
14850;LANDSCAPE & WINE;Empresa de Viajes y Turismo;Otro
14931; SILVANA BIAGIOTTI DIVISION TURISMO;Empresa de Viajes y Turismo;Otro
14983; TIERRA DE ISELIN;Empresa de Viajes y Turismo;Otro
15051;ENO EXPERIENCE TRAVEL;Empresa de Viajes y Turismo;Otro
15066;KINGDOM TRAVEL;Empresa de Viajes y Turismo;Otro
15090; TARYN;Empresa de Viajes y Turismo;Otro
15100;YANASUS;Empresa de Viajes y Turismo;Otro
15106;HUELLA CLARA;Empresa de Viajes y Turismo;Otro
15214; TIERRA DEL VINO;Agencia de Viajes y Turismo;Receptivo
15216; VALLES DEL SOL;Empresa de Viajes y Turismo;Otro
15218;DE.NI.SE S.A.;Empresa de Viajes y Turismo;Otro
15224;PAXTEQUINA TASTING & ADVENTURE SERVICIOS TURISTICOS;Empresa de Viajes y Turismo;Otro
15261;ADALGISA WINE EXPERIENCE;Empresa de Viajes y Turismo;Otro
15365;CERROS MENDOCINOS VIAJES;Empresa de Viajes y Turismo;Otro
15434;NEXT STOP TOURS ;Empresa de Viajes y Turismo;Otro
15444; SIERRA PINTADA VIAJES Y TURISMO;Agencia de Viajes y Turismo;Receptivo,Mayorista
15482;ROMO TOURS VIAJES Y TURISMO;Empresa de Viajes y Turismo;Otro
15500/1;DIAMANTE VIAJES;Empresa de Viajes y Turismo;Emisivo,Receptivo
15500/2;DIAMANTE VIAJES;Agencia de Viajes y Turismo;Emisivo,Receptivo,Emite Pasajes (IATA)
15500/3;DIAMANTE VIAJES;Empresa de Viajes y Turismo;Emisivo,Receptivo
15500;DIAMANTE VIAJES;Agencia de Viajes y Turismo;Emisivo,Receptivo,Otro
15506;ONE FIVE;Empresa de Viajes y Turismo;Emisivo
15544;ICONO VIAJES;Empresa de Viajes y Turismo;Otro
15547;EXCURSIONES AHORA;Empresa de Viajes y Turismo;Otro
15601;SATEJ VIAJES;Empresa de Viajes y Turismo;Otro
15615;VALLE DE UCO TOURS;Empresa de Viajes y Turismo;Otro
15621;AVENTURA & WINE VIAJES;Agencia de Viajes y Turismo;Emisivo,Receptivo,Otro
15629;SERVITUR;Empresa de Viajes y Turismo;Otro
15650;LA TERMINAL DEL CENTRO;Empresa de Viajes y Turismo;Otro
15666;GABRIEL STELLA VIAJES;Empresa de Viajes y Turismo;Otro
15685;ANDIAMO VIAJES Y TURISMO;Empresa de Viajes y Turismo;Emisivo,Receptivo
15702;SOUTH FACE;Empresa de Viajes y Turismo;Otro
15734;MELCEJ VIAJES;Empresa de Viajes y Turismo;Otro
15847;USPHAVENTURA;Empresa de Viajes y Turismo;Receptivo
15849;FAN TOUR & TRAVEL;Empresa de Viajes y Turismo;Otro
15852;CAMINOS DEL PLATA OPERADORA;Empresa de Viajes y Turismo;Otro
15857; LA YAPITA VIAJES;Empresa de Viajes y Turismo;Otro
15907;LAURA BRAGAGNOLO V. Y T.;Empresa de Viajes y Turismo;Otro
15963;VINEA VIAJES;Empresa de Viajes y Turismo;Otro
16017;TRANSHUMANS;Empresa de Viajes y Turismo;Otro
16078;SURCANDO VIAJES Y TURISMO;Agencia de Viajes y Turismo;Emisivo
16091;NUEVA CEPA;Empresa de Viajes y Turismo;Otro
16115;AUKAN EXPEDICIONES;Empresa de Viajes y Turismo;Otro
16169;MIRADOR DE ESTRELLAS;Empresa de Viajes y Turismo;Receptivo
16170; MAYAS;Empresa de Viajes y Turismo;Receptivo
16184;TURISMO ESTACION DEL SOL;Empresa de Viajes y Turismo;Emisivo,Receptivo
16194;WARAO TRAVEL;Empresa de Viajes y Turismo;Otro
16201;TOKIO VIAJES;Empresa de Viajes y Turismo;Receptivo
16254;PRIMITIVO VIAJES Y TURISMO;Empresa de Viajes y Turismo;Otro
16298;VIAJES Y DISEÑO;Empresa de Viajes y Turismo;Otro
16347;LOPRESTI VIAJES;Empresa de Viajes y Turismo;Otro
16407;MASANEZ VIAJES Y TURISMO;Empresa de Viajes y Turismo;Otro
16429;VIAJES CONOCER;Empresa de Viajes y Turismo;Otro
16451;RED GLOBE TOURS;Empresa de Viajes y Turismo;Otro
16475;NOW OR NEVER TRAVEL;Empresa de Viajes y Turismo;Otro
16514;BACKPACKERS TRAVEL AND ADVENTURE;Empresa de Viajes y Turismo;Otro
16516;BASE DOBLE VIAJES;Empresa de Viajes y Turismo;Otro
16561;OUTBACK.COM;Empresa de Viajes y Turismo;Otro
16611;LIFE TRIP;Agencia de Viajes y Turismo;Emisivo,Tour Operador
16629;EL INMIGRANTE VIAJES Y TURISMO;Empresa de Viajes y Turismo;Otro
16652;CRISTIAN PAEZ VIAJES;Empresa de Viajes y Turismo;Otro
16660;VIAJAR EN UN CLICK;Empresa de Viajes y Turismo;Otro
16663;GABY HELDER VIAJES Y TURISMO;Empresa de Viajes y Turismo;Otro
16693;ALDEBARAN VIAJES;Empresa de Viajes y Turismo;Otro
16710;TASTING TOURS;Empresa de Viajes y Turismo;Emisivo,Receptivo,Mayorista
16721;RINOS TURISMO;Empresa de Viajes y Turismo;Otro
16735; DILYS TOURS;Empresa de Viajes y Turismo;Otro
16772;DI PAOLA VIAJES Y TURISMO;Agencia de Viajes y Turismo;Emisivo,Receptivo
16888;OUTDOOR FRONTIERS TOURS;Empresa de Viajes y Turismo;Receptivo
16889;WINE CITY EXPERIENCE TRAVEL;Empresa de Viajes y Turismo;Otro
16916;UNCORKING;Empresa de Viajes y Turismo;Otro
16934;HERE AND THERE;Empresa de Viajes y Turismo;Otro
16934/3;HERE AND THERE;Agencia de Viajes y Turismo;Emisivo
16945;JORGE MORICHETTI VIAJES Y TURISMO;Empresa de Viajes y Turismo;Receptivo
16946;UN VIAJE A LA CARTA;Empresa de Viajes y Turismo;Otro
16993;AVALLONE VIAJES;Empresa de Viajes y Turismo;Emisivo,Emite Pasajes (IATA)
17012;CENTINELA DE PIEDRA;Empresa de Viajes y Turismo;Otro
17034;GREAT OBJECTIVE TRAVEL;Empresa de Viajes y Turismo;Otro
17079;SI NEUS TOUR;Agencia de Viajes y Turismo;Receptivo
17120;EXITING MENDOZA;Empresa de Viajes y Turismo;Otro
17122;VIA ROL Y Y TURISMO;Empresa de Viajes y Turismo;Otro
17123;VIVE LOS ANDES;Agencia de Viajes y Turismo;Emisivo,Receptivo
17150;CEPAS DEDICADOS A TU VIAJE;Agencia de Viajes y Turismo;Receptivo
17158;PARAMILLOS;Empresa de Viajes y Turismo;Otro
17172;EL COYOTE;Empresa de Viajes y Turismo;Otro
17190;AL MUNDO;Empresa de Viajes y Turismo;Otro
17196;BROOKLYN VIAJES Y TURISMO;Empresa de Viajes y Turismo;Otro
17247;GARZON VIAJES;Agencia de Viajes y Turismo;Emisivo,Receptivo
17257; THUNDER TRAVEL;Empresa de Viajes y Turismo;Otro
17269;TRINACRIA VIAJES Y TURISMO;Agencia de Viajes y Turismo;Receptivo
17274;BEARD MODE;Empresa de Viajes y Turismo;Otro
17288; MERAT TURISMO;Empresa de Viajes y Turismo;Receptivo,Otro
17294; IKATU VIAJES;Agencia de Viajes y Turismo;Emisivo,Receptivo
17314;BEE INCOMING & EVENTS;Empresa de Viajes y Turismo;Receptivo
17314/2; BEE INCOMING;Empresa de Viajes y Turismo;Otro
17330;CLIMB & WINE;Empresa de Viajes y Turismo;Otro
17354;ROUSE WHITE TRAVEL;Agencia de Viajes y Turismo;Emisivo,Receptivo
17401;MERVAL VIAJES;Empresa de Viajes y Turismo;Otro
17482;SALVANDO LAS DISTANCIAS;Empresa de Viajes y Turismo;Emisivo,Receptivo
17501;HASHTAG WINE TOURS;Empresa de Viajes y Turismo;Receptivo
17553;MOUNTAIN ROUTES;Empresa de Viajes y Turismo;Otro
17572;TURISMO GORA;Empresa de Viajes y Turismo;Emisivo,Receptivo,Mayorista
17580;XNOCCIO;Empresa de Viajes y Turismo;Receptivo
17643;AMAZING TRAVEL;Empresa de Viajes y Turismo;Emisivo,Receptivo
17729;CUYO TRAVEL;Empresa de Viajes y Turismo;Emisivo,Receptivo
17735;ZONA MALBEC;Empresa de Viajes y Turismo;Otro
17746;VINOMIO VIAJES Y TURISMO;Empresa de Viajes y Turismo;Otro
17750;SERGIO SANCHI VIAJES Y TURISMO;Empresa de Viajes y Turismo;Otro
17757;COLORAMA VIAJES;Agencia de Viajes y Turismo;Emisivo,Receptivo
17769;MEVAK TRAVEL;Agencia de Viajes y Turismo;Emisivo,Receptivo
17780;VITIS TRAVEL;Agencia de Viajes y Turismo;Receptivo
17839;ADOCAMP VIAJES Y TURISMO;Empresa de Viajes y Turismo;Otro
17853;FALAK;Agencia de Viajes y Turismo;Otro
17877;HUALILAN VIAJES Y TURISMO;Empresa de Viajes y Turismo;Otro
17883; LAUKE;Empresa de Viajes y Turismo;Otro
17944;VICTORIA LOPEZ RODRIGUEZ;Empresa de Viajes y Turismo;Otro
17956;MENVIA;Empresa de Viajes y Turismo;Otro
17979;SODDIFARE;Empresa de Viajes y Turismo;Otro
17983;VIYUCO  TURISMO;Empresa de Viajes y Turismo;Emisivo,Receptivo
18015;PAYUN V y T;Empresa de Viajes y Turismo;Otro
18021;VILBO VIAJES;Empresa de Viajes y Turismo;Receptivo
18047;SARS TURISMO;Empresa de Viajes y Turismo;Emisivo,Receptivo,Tour Operador,Mayorista
18049;DEADOS VIAJES E.V.T.;Empresa de Viajes y Turismo;Emisivo,Receptivo
18051;AFORTUNADO TRAVEL;Empresa de Viajes y Turismo;Otro
18075;INDULGE MENDOZA;Empresa de Viajes y Turismo;Otro
18079;BOU VIAJES Y TURISMO;Empresa de Viajes y Turismo;Otro
18098;WANKA VIAJES Y TURISMO;Empresa de Viajes y Turismo;Otro
18130;LOS VIAJES DE BACO;Empresa de Viajes y Turismo;Otro
18131;DANA VIAJES;Empresa de Viajes y Turismo;Otro
18139;MAMUT TOURS AND TRAVEL;Empresa de Viajes y Turismo;Otro
18149;SAPIENZA;Empresa de Viajes y Turismo;Otro
18152;AMAMBAY TOUR;Empresa de Viajes y Turismo;Receptivo
18206;BARUMA E.V.T.;Empresa de Viajes y Turismo;Otro
18212;DISTINTOS;Empresa de Viajes y Turismo;Otro
18219;VINO A LA MONTAÑA;Empresa de Viajes y Turismo;Receptivo
18226;SHIBA TOURS;Empresa de Viajes y Turismo;Otro
18249;CHARDONNAY;Empresa de Viajes y Turismo;Receptivo
18307;FERNANDA PIZARRO VIAJES;Empresa de Viajes y Turismo;Receptivo
18310;APIS TOUR MENDOZA;Empresa de Viajes y Turismo;Receptivo
18311;FUTURO TRAVELS;Empresa de Viajes y Turismo;Receptivo
18333;UVAUVA;Empresa de Viajes y Turismo;Receptivo
18367;BRENCAR VIAJES Y TURISMO;Empresa de Viajes y Turismo;Emisivo,Receptivo
18372;MENDOZA BELLA;Empresa de Viajes y Turismo;Receptivo
18390;CARA SUR VIAJES Y TURISMO;Empresa de Viajes y Turismo;Emisivo,Receptivo,Mayorista
18396;ARWINE;Empresa de Viajes y Turismo;Emisivo,Receptivo,Tour Operador
18399;BUS VITIVINICOLA;Empresa de Viajes y Turismo;Emisivo,Receptivo
18404;ARCOBALENO VIAJES;Empresa de Viajes y Turismo;Emisivo,Receptivo
18405;MIS REYNAS;Empresa de Viajes y Turismo;Emisivo,Receptivo,Estudiantil,Emite Pasajes (IATA),Tour Operador
18414;VEMPRA;Empresa de Viajes y Turismo;Emisivo,Receptivo
18420;BLENDOZA;Empresa de Viajes y Turismo;Emisivo,Receptivo,Emite Pasajes (IATA),Tour Operador
18431;RODMAR TRAVEL;Empresa de Viajes y Turismo;Receptivo
18448;ALLENTIAK TOURS;Empresa de Viajes y Turismo;Emisivo,Receptivo,Tour Operador
18479;BARAK DRIVERS;Empresa de Viajes y Turismo;Receptivo
18508;CUARZO VIAJES;Agencia de Viajes y Turismo;Emisivo,Receptivo,Estudiantil,Emite Pasajes (IATA),Tour Operador,Mayorista
18509;DI MARCO TOURS;Empresa de Viajes y Turismo;Emisivo,Receptivo,Mayorista
18512;DOS COPAS;Empresa de Viajes y Turismo;Receptivo
18519;POSIBLE E.V.T.;Empresa de Viajes y Turismo;Emisivo,Receptivo,Mayorista
18528;ENTRE VIAJES;Empresa de Viajes y Turismo;Emisivo
18541;ENVERO TOURS;Empresa de Viajes y Turismo;Receptivo
18546;SNOWCAMP;Empresa de Viajes y Turismo;Receptivo
18574;INES APARICIO VIAJES;Agencia de Viajes y Turismo;Emisivo
18590;ENVERO;Agencia de Viajes y Turismo;Emisivo,Receptivo
18592;LOVANA VIAJES Y TURISMO;Agencia de Viajes y Turismo;Receptivo,Estudiantil
18598;VIVELO;Agencia de Viajes y Turismo;Emisivo,Receptivo
18600;JARILLA SERVICIOS TURISTICOS;Empresa de Viajes y Turismo;Emisivo,Receptivo
18610;DALO VIAJES;Empresa de Viajes y Turismo;Emisivo,Receptivo
18625;WINE PASS;Empresa de Viajes y Turismo;Emisivo,Receptivo
18633;MENDOZA CUSTOMIZED TOURS;Empresa de Viajes y Turismo;Receptivo
18635;ROCKSTONE TRAVELS;Empresa de Viajes y Turismo;Receptivo
18700;RUMBOS TURISMO;Empresa de Viajes y Turismo;Emisivo,Receptivo
18708;PEREGRINE TRAVELS;Empresa de Viajes y Turismo;Emisivo,Receptivo,Emite Pasajes (IATA),Tour Operador,Mayorista
18720;MALBEC MENDOZA TRIPS;Empresa de Viajes y Turismo;Receptivo
18754;VINICA;Agencia de Viajes y Turismo;Receptivo
18835;UVA VIAGENS;Empresa de Viajes y Turismo;Receptivo
18903;DESTINO MALBEC;Empresa de Viajes y Turismo;Receptivo
18913;WILD FLORA TRAVEL DESIGNERS;Empresa de Viajes y Turismo;Receptivo
18918;VINOYENDO;Empresa de Viajes y Turismo;Receptivo
18926;SERVICIOS TURISTICOS GABRIEL VALENTIN;Empresa de Viajes y Turismo;Receptivo
18929;REDWINE TOUR;Empresa de Viajes y Turismo;Receptivo
18969;MI VIAJE A MENDOZA;Empresa de Viajes y Turismo;Receptivo
18977;SIRIO VIAJES;Empresa de Viajes y Turismo;Receptivo
18978;MELHOR MENDOZA;Empresa de Viajes y Turismo;Receptivo
18980;VINHOS MENDOZA;Empresa de Viajes y Turismo;Receptivo
18981;MEL TRAVEL & WINE;Empresa de Viajes y Turismo;Receptivo
18982;MY LITTLE WALK;Empresa de Viajes y Turismo;Receptivo
19057;MARGA TOUR;Empresa de Viajes y Turismo;Receptivo
19065;MONMAR TRAVLE;Empresa de Viajes y Turismo;Receptivo
19069;ONE CLICK TRAVEL;Empresa de Viajes y Turismo;Receptivo
19088;VINARTE TOURS;Empresa de Viajes y Turismo;Receptivo
19096;MENDOZA WINE COMCIERGE;Empresa de Viajes y Turismo;Receptivo
19103;VIA MENDOZA TOURS;Empresa de Viajes y Turismo;Receptivo
19141;TANGO SERVICIOS TURISMOS;Empresa de Viajes y Turismo;Receptivo
19166;WIPHALA SERVICIOS TURISTICOS;Empresa de Viajes y Turismo;Receptivo
19175;MENDOZA TRAVEL;Empresa de Viajes y Turismo;Receptivo
19240;MAHUEL TRAVEL;Empresa de Viajes y Turismo;Receptivo
19242;COLOR MENDOZA;Empresa de Viajes y Turismo;Receptivo
19249;VIÑEDOS Y MONTAÑAS;Empresa de Viajes y Turismo;Receptivo
19271;WINE BULANCE;Empresa de Viajes y Turismo;Receptivo
19349;THE TIMES TOURISM;Empresa de Viajes y Turismo;Receptivo
19381;ENTRE CUMBRES;Empresa de Viajes y Turismo;Receptivo
19387;MANSO TURISMO;Empresa de Viajes y Turismo;Receptivo
19390;ELITOUR TRAVEL EXPERIENCE;Empresa de Viajes y Turismo;Receptivo
19398;VINICOLAS MENDOZA;Empresa de Viajes y Turismo;Receptivo
19410;TURISMO MANCINI;Empresa de Viajes y Turismo;Receptivo
19412;DIONISIO EN MENDOZA;Empresa de Viajes y Turismo;Receptivo
19449;KALAS VIAJES Y TURISMO;Empresa de Viajes y Turismo;Receptivo
19457;WINE TRIP MENDOZA TURISMO;Empresa de Viajes y Turismo;Receptivo
19459;BRITZA VIAJES Y TURISMO;Empresa de Viajes y Turismo;Receptivo
19479;MENDOZA DESERT EXPERIENCES;Empresa de Viajes y Turismo;Receptivo
 19533;GRAFITUR VIAJES Y TURISMO;Empresa de Viajes y Turismo;Receptivo
19595;MOBILITY ROADS;Empresa de Viajes y Turismo;Receptivo
19599;VISITAME;Empresa de Viajes y Turismo;Receptivo
19601;ADMINCAR & TRAVEL;Empresa de Viajes y Turismo;Receptivo
19611;MENDOZA WINES LOVERS;Empresa de Viajes y Turismo;Receptivo
19613;R.A.C. TRASLADOS;Empresa de Viajes y Turismo;Receptivo
19615;CATALO VIAJES Y TURISMO AL MUNDO;Empresa de Viajes y Turismo;Emisivo,Receptivo
19617;VINEYARDS Y MOUNTAIN TRAVEL;Empresa de Viajes y Turismo;Receptivo
19618;MENDOZA BELMAT TOUR;Empresa de Viajes y Turismo;Receptivo
19628;PICHEUTA TURISMO;Empresa de Viajes y Turismo;Receptivo
19629;PASEOS MARCELO FABRIS;Empresa de Viajes y Turismo;Receptivo
19635;WINE FRIENDS MDZ;Empresa de Viajes y Turismo;Receptivo
19658;SOL Y AVENTURA;Empresa de Viajes y Turismo;Receptivo
19666;TRAVEL-AR;Empresa de Viajes y Turismo;Receptivo
19669;ALMA WINE;Empresa de Viajes y Turismo;Receptivo
19677;ALTURISMO;Empresa de Viajes y Turismo;Receptivo
19679;GELUK TRAVEL;Empresa de Viajes y Turismo;Receptivo
19683;NILSAN TOUR;Empresa de Viajes y Turismo;Receptivo
19700;RAMA TOURS;Empresa de Viajes y Turismo;Receptivo
19710;EXCELENT VIAJES;Empresa de Viajes y Turismo;Receptivo
19714;LATITUD MENDOZA;Empresa de Viajes y Turismo;Receptivo
19737;MIL VIAJES;Empresa de Viajes y Turismo;Receptivo
19741;UVA WINE TOURS & EXPERIENCES;Empresa de Viajes y Turismo;Receptivo
19746;GUALTA TRAVEL;Empresa de Viajes y Turismo;Receptivo
19751;ROMBEL TOURS;Empresa de Viajes y Turismo;Receptivo
19757;EXPLORA MENDOZA WINERY TOUR;Empresa de Viajes y Turismo;Receptivo
19766;MDA EXPERIENCE-PASSEIOS E TURISMO EM MENDOZA;Empresa de Viajes y Turismo;Receptivo
19783;TARA TRAVEL;Empresa de Viajes y Turismo;Receptivo
19823;PETER WINE TOURS;Empresa de Viajes y Turismo;Receptivo
19836;KRATOS TOURS;Empresa de Viajes y Turismo;Receptivo
19839;LA MAGIA DEL VINO;Empresa de Viajes y Turismo;Receptivo
19858;KUSI ÑAN VIAJES Y TURISMO;Empresa de Viajes y Turismo;Receptivo
19860;AIRES DE VID TRAVEL TOURS;Empresa de Viajes y Turismo;Receptivo
19870;S.H.R. VIAJES Y TURISMO;Empresa de Viajes y Turismo;Receptivo
19871;BELVIAJES;Empresa de Viajes y Turismo;Receptivo
19875;WINE AND PEAKS;Empresa de Viajes y Turismo;Receptivo
19876;OSMEN WINE TOURS;Empresa de Viajes y Turismo;Receptivo
19896;ALDERYS TURISMO;Empresa de Viajes y Turismo;Receptivo
19903;ANDREAD TOURS Y TRAVEL;Empresa de Viajes y Turismo;Receptivo
19912;MAGNOLIA TOURS;Empresa de Viajes y Turismo;Receptivo
19921;TERADA TOURS;Empresa de Viajes y Turismo;Receptivo
19924;TUPUNTRAVELS;Empresa de Viajes y Turismo;Receptivo
19927;GANAST VIÑEDOS Y TURISMO;Empresa de Viajes y Turismo;Receptivo
19930;MENDOZA ESSENCE;Empresa de Viajes y Turismo;Receptivo
19931;LUSO SERVICIOS TURISTICOS;Empresa de Viajes y Turismo;Receptivo
19954;MENDOZA VALE TOURS;Empresa de Viajes y Turismo;Receptivo
19974;MENDOZA AI TURISMO;Empresa de Viajes y Turismo;Receptivo
19979;GIRA EL VINO;Empresa de Viajes y Turismo;Receptivo
19997;RACIMOS TOURS;Empresa de Viajes y Turismo;Receptivo
19998;AMDRADE VIAJES Y TURISMO;Empresa de Viajes y Turismo;Receptivo
20003;GO RIDE;Empresa de Viajes y Turismo;Receptivo
20006;BELLATINO TRAVELS;Empresa de Viajes y Turismo;Receptivo
20017;VIAJES CON EMILIA;Empresa de Viajes y Turismo;Receptivo
20039;TOWDAH E.V.T.;Empresa de Viajes y Turismo;Receptivo
20080;W NEMOUNT;Empresa de Viajes y Turismo;Receptivo
